{"cameraMode":{"drawMode":0,"name":"Shaded","section":"Shading Mode"},"sceneLighting":true,"audioPlay":false,"sceneViewState":{"showFog":true,"showMaterialUpdate":false,"showSkybox":false,"showFlares":true,"showImageEffects":true,"showParticleSystems":true},"in2DMode":false,"pivot":{"x":525.6500244140625,"y":87.1714096069336,"z":515.2999877929688},"rotation":{"x":0.02574649639427662,"y":0.9562399387359619,"z":-0.27890947461128237,"w":0.08793261647224426},"size":770.7302856445313,"orthographic":false}