{"cameraMode":{"drawMode":0,"name":"Shaded","section":"Shading Mode"},"sceneLighting":true,"audioPlay":false,"sceneViewState":{"showFog":true,"showMaterialUpdate":false,"showSkybox":true,"showFlares":true,"showImageEffects":true,"showParticleSystems":true},"in2DMode":false,"pivot":{"x":-11.897937774658204,"y":19.560781478881837,"z":90.0},"rotation":{"x":-0.06326102465391159,"y":-0.014373727142810822,"z":0.0009112463449127972,"w":-0.9978942275047302},"size":77.5279541015625,"orthographic":false}